IPK,Jumlah_Absensi,Waktu_Belajar_Jam,Lulus,Rasio_Absensi,IPK_x_Study
3.5,9,7,0,0.6428571428571429,24.5
3.9,2,7,1,0.14285714285714285,27.3
2.3,12,4,0,0.8571428571428571,9.2
2.9,7,2,0,0.5,5.8
2.5,7,8,0,0.5,20.0
2.7,3,8,0,0.21428571428571427,21.6
2.9,11,12,0,0.7857142857142857,34.8
3.6,11,6,0,0.7857142857142857,21.6
3.0,4,8,1,0.2857142857142857,24.0
3.2,6,2,0,0.42857142857142855,6.4
